"","x"
"1","Latvia"
"2","Country Not Found"
"3","Country Not Found"
"4","Country Not Found"
"5","Country Not Found"
"6","Country Not Found"
"7","Country Not Found"
"8","Country Not Found"
"9","Country Not Found"
"10","Country Not Found"
"11","Country Not Found"
"12","Country Not Found"
"13","Country Not Found"
"14","Country Not Found"
"15","Country Not Found"
"16","Country Not Found"
"17","Country Not Found"
"18","Country Not Found"
"19","Country Not Found"
"20","Country Not Found"
"21","Country Not Found"
"22","Country Not Found"
"23","Country Not Found"
"24","Country Not Found"
"25","Country Not Found"
"26","Country Not Found"
"27","Turkey"
"28","Country Not Found"
"29","Country Not Found"
"30","Country Not Found"
"31","Country Not Found"
"32","Country Not Found"
"33","Country Not Found"
"34","Country Not Found"
"35","Country Not Found"
"36","Country Not Found"
"37","Country Not Found"
"38","Country Not Found"
"39","Russia"
"40","Country Not Found"
"41","Country Not Found"
"42","Country Not Found"
"43","Switzerland"
"44","France"
"45","Country Not Found"
"46","Country Not Found"
"47","Country Not Found"
"48","Country Not Found"
"49","Country Not Found"
"50","France"
"51","Country Not Found"
"52","Country Not Found"
"53","Country Not Found"
"54","Country Not Found"
"55","Country Not Found"
"56","Russia"
"57","Country Not Found"
"58","Country Not Found"
"59","Country Not Found"
"60","Country Not Found"
"61","Russia"
"62","Country Not Found"
"63","Country Not Found"
"64","Country Not Found"
"65","Country Not Found"
"66","Country Not Found"
"67","Country Not Found"
"68","Country Not Found"
"69","Country Not Found"
"70","Country Not Found"
"71","Country Not Found"
"72","Country Not Found"
"73","Country Not Found"
"74","Country Not Found"
"75","Country Not Found"
"76","Country Not Found"
"77","Country Not Found"
"78","Country Not Found"
"79","Country Not Found"
"80","Italy"
"81","Country Not Found"
"82","Country Not Found"
"83","Country Not Found"
"84","Country Not Found"
"85","Country Not Found"
"86","Country Not Found"
"87","Country Not Found"
"88","South Korea"
"89","Country Not Found"
"90","Country Not Found"
"91","Country Not Found"
"92","Algeria"
"93","Country Not Found"
"94","Country Not Found"
"95","Country Not Found"
"96","Country Not Found"
"97","Country Not Found"
"98","Country Not Found"
"99","Country Not Found"
"100","Country Not Found"
"101","Country Not Found"
"102","Country Not Found"
"103","Country Not Found"
"104","Country Not Found"
"105","Country Not Found"
"106","Country Not Found"
"107","Country Not Found"
"108","Country Not Found"
"109","Country Not Found"
"110","Country Not Found"
"111","France"
"112","Country Not Found"
"113","Country Not Found"
"114","Country Not Found"
"115","Country Not Found"
"116","Country Not Found"
"117","Country Not Found"
"118","Country Not Found"
"119","Country Not Found"
"120","Country Not Found"
"121","Country Not Found"
"122","Country Not Found"
"123","Country Not Found"
"124","Country Not Found"
"125","Country Not Found"
"126","Country Not Found"
"127","Poland"
"128","Country Not Found"
"129","Country Not Found"
"130","Country Not Found"
"131","Country Not Found"
"132","Country Not Found"
"133","Country Not Found"
"134","Country Not Found"
"135","Country Not Found"
"136","China"
"137","Country Not Found"
"138","Country Not Found"
"139","Country Not Found"
"140","Country Not Found"
"141","Country Not Found"
"142","Country Not Found"
"143","Country Not Found"
"144","Country Not Found"
"145","Country Not Found"
"146","Country Not Found"
"147","Country Not Found"
"148","Country Not Found"
"149","Country Not Found"
"150","Algeria"
"151","Country Not Found"
"152","Country Not Found"
"153","Country Not Found"
"154","Country Not Found"
"155","Country Not Found"
"156","Country Not Found"
"157","Country Not Found"
"158","Country Not Found"
"159","Country Not Found"
"160","Romania"
"161","Country Not Found"
"162","Country Not Found"
"163","Country Not Found"
"164","Country Not Found"
"165","Country Not Found"
"166","Country Not Found"
"167","Country Not Found"
"168","Finland"
"169","Country Not Found"
"170","Country Not Found"
"171","Country Not Found"
"172","Country Not Found"
"173","Country Not Found"
"174","Country Not Found"
"175","Country Not Found"
"176","Country Not Found"
"177","Country Not Found"
"178","Country Not Found"
"179","Country Not Found"
"180","China"
"181","Country Not Found"
"182","Country Not Found"
"183","Country Not Found"
"184","Country Not Found"
"185","Country Not Found"
"186","Country Not Found"
"187","China"
"188","Country Not Found"
"189","India"
"190","Country Not Found"
"191","Country Not Found"
"192","Country Not Found"
"193","Country Not Found"
"194","Country Not Found"
"195","Country Not Found"
"196","Country Not Found"
"197","Country Not Found"
"198","Country Not Found"
"199","Country Not Found"
"200","Country Not Found"
"201","China"
"202","Country Not Found"
"203","Country Not Found"
"204","Country Not Found"
"205","Country Not Found"
"206","Country Not Found"
"207","Country Not Found"
"208","Country Not Found"
"209","Country Not Found"
"210","Country Not Found"
"211","Country Not Found"
"212","Country Not Found"
"213","Country Not Found"
"214","Country Not Found"
"215","Country Not Found"
"216","Country Not Found"
"217","Russia"
"218","Country Not Found"
"219","Country Not Found"
"220","Country Not Found"
"221","Country Not Found"
"222","Country Not Found"
"223","Country Not Found"
"224","Country Not Found"
"225","Country Not Found"
"226","Macedonia"
"227","Country Not Found"
"228","Country Not Found"
"229","Country Not Found"
"230","Country Not Found"
"231","Country Not Found"
"232","Country Not Found"
"233","Country Not Found"
"234","Country Not Found"
"235","Country Not Found"
"236","Country Not Found"
"237","Country Not Found"
"238","Country Not Found"
"239","Country Not Found"
"240","Country Not Found"
"241","Country Not Found"
"242","Country Not Found"
"243","Country Not Found"
"244","Country Not Found"
"245","Country Not Found"
"246","Country Not Found"
"247","Country Not Found"
"248","Ukraine"
"249","Country Not Found"
"250","Country Not Found"
"251","Country Not Found"
"252","Country Not Found"
"253","Country Not Found"
"254","Country Not Found"
"255","Iran"
"256","Country Not Found"
"257","Country Not Found"
"258","Country Not Found"
"259","Country Not Found"
"260","Country Not Found"
"261","Country Not Found"
"262","Country Not Found"
"263","Country Not Found"
"264","Country Not Found"
"265","Country Not Found"
"266","Country Not Found"
"267","Country Not Found"
"268","Country Not Found"
"269","Country Not Found"
"270","Country Not Found"
"271","Country Not Found"
"272","Country Not Found"
"273","Country Not Found"
"274","Country Not Found"
"275","Country Not Found"
"276","Country Not Found"
"277","Country Not Found"
"278","Country Not Found"
"279","Country Not Found"
"280","Country Not Found"
"281","Country Not Found"
"282","Country Not Found"
"283","Country Not Found"
"284","Country Not Found"
"285","Country Not Found"
"286","Country Not Found"
"287","Country Not Found"
"288","Country Not Found"
"289","Country Not Found"
"290","Country Not Found"
"291","Country Not Found"
"292","Country Not Found"
"293","Country Not Found"
"294","Country Not Found"
"295","Country Not Found"
"296","Country Not Found"
"297","Country Not Found"
"298","Country Not Found"
"299","Country Not Found"
"300","Country Not Found"
"301","Country Not Found"
"302","Country Not Found"
"303","Country Not Found"
"304","Country Not Found"
"305","Taiwan"
"306","China"
"307","Country Not Found"
"308","Country Not Found"
"309","Country Not Found"
"310","Country Not Found"
"311","Country Not Found"
"312","Country Not Found"
"313","Country Not Found"
"314","Country Not Found"
"315","Slovakia"
"316","Country Not Found"
"317","Country Not Found"
"318","Country Not Found"
"319","Country Not Found"
"320","Country Not Found"
"321","Country Not Found"
"322","Country Not Found"
"323","Country Not Found"
"324","China"
"325","Country Not Found"
"326","Country Not Found"
"327","Country Not Found"
"328","Country Not Found"
"329","Country Not Found"
"330","Country Not Found"
"331","Country Not Found"
"332","Country Not Found"
"333","Country Not Found"
"334","Country Not Found"
"335","Country Not Found"
"336","Country Not Found"
"337","Country Not Found"
"338","Country Not Found"
"339","Country Not Found"
"340","Country Not Found"
"341","Country Not Found"
"342","Country Not Found"
"343","Country Not Found"
"344","Country Not Found"
"345","Romania"
"346","Country Not Found"
"347","Country Not Found"
"348","Country Not Found"
"349","Country Not Found"
"350","Country Not Found"
"351","Country Not Found"
"352","Country Not Found"
"353","Country Not Found"
"354","Country Not Found"
"355","Country Not Found"
"356","Country Not Found"
"357","Country Not Found"
"358","Country Not Found"
"359","Sweden"
"360","Country Not Found"
"361","Country Not Found"
"362","Country Not Found"
"363","Country Not Found"
"364","Country Not Found"
"365","Country Not Found"
"366","Country Not Found"
"367","Country Not Found"
"368","Country Not Found"
"369","China"
"370","Country Not Found"
"371","Country Not Found"
"372","Country Not Found"
"373","Country Not Found"
"374","Russia"
"375","Country Not Found"
"376","Country Not Found"
"377","Country Not Found"
"378","Country Not Found"
"379","Country Not Found"
"380","Country Not Found"
"381","Country Not Found"
"382","Country Not Found"
"383","Country Not Found"
"384","Country Not Found"
"385","Country Not Found"
"386","Country Not Found"
"387","Country Not Found"
"388","Country Not Found"
"389","Country Not Found"
"390","Country Not Found"
"391","Kazakhstan"
"392","Country Not Found"
"393","Country Not Found"
"394","Country Not Found"
"395","Country Not Found"
"396","Country Not Found"
"397","Country Not Found"
"398","Country Not Found"
"399","Country Not Found"
"400","Country Not Found"
"401","Country Not Found"
"402","Country Not Found"
"403","Country Not Found"
"404","Country Not Found"
"405","Country Not Found"
"406","Country Not Found"
"407","Country Not Found"
"408","Country Not Found"
"409","Country Not Found"
"410","Country Not Found"
"411","Country Not Found"
"412","Country Not Found"
"413","Country Not Found"
"414","Country Not Found"
"415","Country Not Found"
"416","Country Not Found"
"417","Country Not Found"
"418","Country Not Found"
"419","Country Not Found"
"420","Country Not Found"
"421","Country Not Found"
"422","Country Not Found"
"423","Country Not Found"
"424","Country Not Found"
"425","Country Not Found"
"426","Country Not Found"
"427","Country Not Found"
"428","Country Not Found"
"429","Country Not Found"
"430","Country Not Found"
"431","Country Not Found"
"432","Country Not Found"
"433","Country Not Found"
"434","Country Not Found"
"435","Country Not Found"
"436","Country Not Found"
"437","Country Not Found"
"438","Country Not Found"
"439","Poland"
"440","Country Not Found"
"441","Country Not Found"
"442","Country Not Found"
"443","Country Not Found"
"444","Country Not Found"
"445","Country Not Found"
"446","Country Not Found"
"447","Country Not Found"
"448","Country Not Found"
"449","Country Not Found"
"450","Country Not Found"
"451","Country Not Found"
"452","Country Not Found"
"453","Country Not Found"
"454","Country Not Found"
"455","Country Not Found"
"456","Country Not Found"
"457","Country Not Found"
"458","Country Not Found"
"459","Country Not Found"
"460","Country Not Found"
"461","Country Not Found"
"462","Ukraine"
"463","Country Not Found"
"464","Country Not Found"
"465","Country Not Found"
"466","Country Not Found"
"467","Country Not Found"
"468","Country Not Found"
"469","Country Not Found"
"470","Country Not Found"
"471","Country Not Found"
"472","Country Not Found"
"473","Country Not Found"
"474","Country Not Found"
"475","Country Not Found"
"476","Country Not Found"
"477","Country Not Found"
"478","Country Not Found"
"479","Country Not Found"
"480","Country Not Found"
"481","Country Not Found"
"482","Country Not Found"
"483","Country Not Found"
"484","Country Not Found"
"485","Country Not Found"
"486","Country Not Found"
"487","Country Not Found"
"488","Country Not Found"
"489","Country Not Found"
"490","Country Not Found"
"491","Country Not Found"
"492","Country Not Found"
"493","Country Not Found"
"494","Country Not Found"
"495","Country Not Found"
"496","Country Not Found"
"497","Country Not Found"
"498","Country Not Found"
"499","Country Not Found"
"500","Country Not Found"
"501","Poland"
"502","Country Not Found"
"503","Country Not Found"
"504","Country Not Found"
"505","Country Not Found"
"506","Country Not Found"
"507","Country Not Found"
"508","Country Not Found"
"509","Country Not Found"
"510","Country Not Found"
"511","Country Not Found"
"512","Country Not Found"
"513","Country Not Found"
"514","Country Not Found"
"515","Country Not Found"
"516","Country Not Found"
"517","Country Not Found"
"518","Country Not Found"
"519","Country Not Found"
"520","Country Not Found"
"521","Country Not Found"
"522","Country Not Found"
"523","Country Not Found"
"524","Country Not Found"
"525","Country Not Found"
"526","Country Not Found"
"527","Country Not Found"
"528","Country Not Found"
"529","Country Not Found"
"530","Country Not Found"
"531","Country Not Found"
"532","Country Not Found"
"533","Country Not Found"
"534","Country Not Found"
"535","Country Not Found"
"536","Country Not Found"
"537","Country Not Found"
"538","Country Not Found"
"539","Country Not Found"
"540","Country Not Found"
"541","Country Not Found"
"542","Country Not Found"
"543","Country Not Found"
"544","Country Not Found"
"545","Country Not Found"
"546","Country Not Found"
"547","Country Not Found"
"548","Country Not Found"
"549","Country Not Found"
"550","Country Not Found"
"551","Country Not Found"
"552","Country Not Found"
"553","Country Not Found"
"554","Country Not Found"
"555","Country Not Found"
"556","Country Not Found"
"557","Country Not Found"
"558","Country Not Found"
"559","Country Not Found"
"560","Country Not Found"
"561","Country Not Found"
"562","Country Not Found"
"563","Country Not Found"
"564","Country Not Found"
"565","Country Not Found"
"566","Country Not Found"
"567","Country Not Found"
"568","Country Not Found"
"569","Country Not Found"
"570","Country Not Found"
"571","Country Not Found"
"572","Country Not Found"
"573","Country Not Found"
"574","Country Not Found"
"575","Country Not Found"
"576","Country Not Found"
"577","Country Not Found"
"578","Country Not Found"
"579","Country Not Found"
"580","Country Not Found"
"581","Country Not Found"
"582","Country Not Found"
"583","Country Not Found"
"584","Country Not Found"
"585","Country Not Found"
"586","Country Not Found"
"587","Country Not Found"
"588","Country Not Found"
"589","Country Not Found"
"590","Country Not Found"
"591","Country Not Found"
"592","Country Not Found"
"593","Country Not Found"
"594","Country Not Found"
"595","Country Not Found"
"596","Country Not Found"
"597","Country Not Found"
"598","Country Not Found"
"599","Country Not Found"
"600","Country Not Found"
"601","Country Not Found"
"602","Country Not Found"
"603","Country Not Found"
"604","Country Not Found"
"605","Country Not Found"
"606","Country Not Found"
"607","Country Not Found"
"608","Country Not Found"
"609","Country Not Found"
"610","Country Not Found"
"611","Country Not Found"
"612","Country Not Found"
"613","Country Not Found"
"614","Country Not Found"
"615","Country Not Found"
"616","Country Not Found"
"617","Country Not Found"
"618","Country Not Found"
"619","Country Not Found"
"620","Nigeria"
"621","Country Not Found"
"622","Country Not Found"
"623","Country Not Found"
"624","Country Not Found"
"625","Country Not Found"
"626","Country Not Found"
"627","South Korea"
"628","Country Not Found"
"629","Country Not Found"
"630","Country Not Found"
"631","Country Not Found"
"632","Country Not Found"
"633","Country Not Found"
"634","Country Not Found"
"635","Country Not Found"
"636","Country Not Found"
"637","Country Not Found"
"638","Country Not Found"
"639","Country Not Found"
"640","Country Not Found"
"641","Country Not Found"
"642","Czech Republic"
"643","Country Not Found"
"644","Country Not Found"
"645","Country Not Found"
"646","Country Not Found"
"647","Country Not Found"
"648","Country Not Found"
"649","Country Not Found"
"650","Country Not Found"
"651","Country Not Found"
"652","Country Not Found"
"653","Country Not Found"
"654","Country Not Found"
"655","Country Not Found"
"656","Country Not Found"
"657","Country Not Found"
"658","Country Not Found"
"659","Country Not Found"
"660","Country Not Found"
"661","Country Not Found"
"662","Country Not Found"
"663","Country Not Found"
"664","China"
"665","Country Not Found"
"666","Country Not Found"
"667","Turkey"
"668","Country Not Found"
"669","Country Not Found"
"670","Country Not Found"
"671","Country Not Found"
"672","Country Not Found"
"673","Country Not Found"
"674","Country Not Found"
"675","Country Not Found"
"676","Country Not Found"
"677","Country Not Found"
"678","Country Not Found"
"679","Country Not Found"
"680","Country Not Found"
"681","Country Not Found"
"682","Country Not Found"
"683","Country Not Found"
"684","Country Not Found"
"685","Country Not Found"
"686","Country Not Found"
"687","Country Not Found"
"688","Country Not Found"
"689","Country Not Found"
"690","Country Not Found"
"691","Country Not Found"
"692","Country Not Found"
"693","Country Not Found"
"694","Country Not Found"
"695","Cyprus"
"696","Country Not Found"
"697","Country Not Found"
"698","Country Not Found"
"699","Country Not Found"
"700","Country Not Found"
"701","Country Not Found"
"702","Country Not Found"
"703","Country Not Found"
"704","Country Not Found"
"705","Country Not Found"
"706","Country Not Found"
"707","Country Not Found"
"708","Country Not Found"
"709","Country Not Found"
"710","Country Not Found"
"711","Country Not Found"
"712","Country Not Found"
"713","Country Not Found"
"714","Country Not Found"
"715","Country Not Found"
"716","Country Not Found"
"717","Country Not Found"
"718","Country Not Found"
"719","Country Not Found"
"720","Country Not Found"
"721","Country Not Found"
"722","Country Not Found"
"723","Country Not Found"
"724","Country Not Found"
"725","Hungary"
"726","Country Not Found"
"727","Country Not Found"
"728","Country Not Found"
"729","Country Not Found"
"730","Country Not Found"
"731","Country Not Found"
"732","Country Not Found"
"733","Country Not Found"
"734","Country Not Found"
"735","Country Not Found"
"736","China"
"737","Country Not Found"
"738","Country Not Found"
"739","Country Not Found"
"740","Country Not Found"
"741","Country Not Found"
"742","Country Not Found"
"743","Country Not Found"
"744","Country Not Found"
"745","Country Not Found"
"746","Country Not Found"
"747","Country Not Found"
"748","Country Not Found"
"749","Country Not Found"
"750","Country Not Found"
"751","Country Not Found"
"752","Country Not Found"
"753","Country Not Found"
"754","Country Not Found"
"755","Country Not Found"
"756","Country Not Found"
"757","Country Not Found"
"758","Country Not Found"
"759","Country Not Found"
"760","Country Not Found"
"761","Country Not Found"
"762","Country Not Found"
"763","Country Not Found"
"764","Country Not Found"
"765","Country Not Found"
"766","Country Not Found"
"767","Country Not Found"
"768","Country Not Found"
"769","Country Not Found"
"770","Country Not Found"
"771","Country Not Found"
"772","Country Not Found"
"773","Country Not Found"
"774","Country Not Found"
"775","France"
"776","Country Not Found"
"777","Country Not Found"
"778","Country Not Found"
"779","Country Not Found"
"780","Country Not Found"
"781","Country Not Found"
"782","Country Not Found"
"783","Country Not Found"
"784","Country Not Found"
"785","Country Not Found"
"786","Country Not Found"
"787","Country Not Found"
